affiliations.faculte.nom,expertise.disciplines.nom,count
Faculté de droit,Administration de la santé,1
Faculté de droit,Administration publique,2
Faculté de droit,Communication,3
Faculté de droit,Criminologie,1
Faculté de droit,Droit,71
Faculté de droit,Eau et environnement,1
Faculté de droit,Environnement et développement durable,1
Faculté de droit,Finance,1
Faculté de droit,Histoire,2
Faculté de droit,Informatique,1
Faculté de droit,Médecine préventive,1
Faculté de droit,Obstétrique et gynécologie,1
Faculté de droit,Santé publique,1
Faculté de droit,Science politique,3
Faculté de droit,Sociologie,6
Faculté de droit,Économie,5
Faculté de l'aménagement,Aménagement,46
Faculté de l'aménagement,Anthropologie,1
Faculté de l'aménagement,Architecture,28
Faculté de l'aménagement,Architecture de paysage,9
Faculté de l'aménagement,Arts visuels et médiatiques,7
Faculté de l'aménagement,Communication,3
Faculté de l'aménagement,Design,21
Faculté de l'aménagement,Design de jeux,1
Faculté de l'aménagement,Design d’intérieur,5
Faculté de l'aménagement,Design industriel,5
Faculté de l'aménagement,Eau et environnement,3
Faculté de l'aménagement,Enseignement des arts,1
Faculté de l'aménagement,Environnement et développement durable,11
Faculté de l'aménagement,Géographie humaine,3
Faculté de l'aménagement,Gérontologie,1
Faculté de l'aménagement,Histoire,4
Faculté de l'aménagement,Histoire des arts,4
Faculté de l'aménagement,Informatique,5
Faculté de l'aménagement,Journalisme,1
Faculté de l'aménagement,Philosophie,1
Faculté de l'aménagement,Santé publique,1
Faculté de l'aménagement,Sociologie,6
Faculté de l'aménagement,Sociologie de l’art,3
Faculté de l'aménagement,Sémiologie,1
Faculté de l'aménagement,Urbanisme,23
Faculté de l'aménagement,Économie,1
Faculté de l'aménagement,Éducation,2
Faculté de l'aménagement,Études du jeu vidéo,1
Faculté de l'aménagement,Études féministes,1
Faculté de l'aménagement,Études urbaines,16
Faculté de l'éducation permanente,Anthropologie,1
Faculté de l'éducation permanente,Criminologie,1
Faculté de l'éducation permanente,Gérontologie,1
Faculté de l'éducation permanente,Médecine préventive,1
Faculté de l'éducation permanente,Psychologie,1
Faculté de l'éducation permanente,Psychoéducation,1
Faculté de l'éducation permanente,Sociologie,1
Faculté de l'éducation permanente,Éducation,1
Faculté de musique,Anthropologie,1
Faculté de musique,Arts visuels et médiatiques,3
Faculté de musique,Astronomie et astrophysique,1
Faculté de musique,Danse,2
Faculté de musique,Didactique,1
Faculté de musique,Enseignement des arts,14
Faculté de musique,Ethnolinguistique,1
Faculté de musique,Ethnologie,3
Faculté de musique,Histoire,4
Faculté de musique,Histoire des arts,5
Faculté de musique,Informatique,3
Faculté de musique,Kinésiologie,1
Faculté de musique,Linguistique,1
Faculté de musique,Littérature,2
Faculté de musique,Mathématiques appliquées,1
Faculté de musique,Musicologie,20
Faculté de musique,Musique,54
Faculté de musique,Philosophie,2
Faculté de musique,Physique,1
Faculté de musique,Psychologie,2
Faculté de musique,Science politique,2
Faculté de musique,Sciences des religions,1
Faculté de musique,Sociologie,1
Faculté de musique,Sociologie de l’art,2
Faculté de musique,Statistiques,1
Faculté de musique,Sémiologie,3
Faculté de musique,Théâtre,2
Faculté de musique,Études du jeu vidéo,2
Faculté de médecine,Administration de la santé,3
Faculté de médecine,Anatomo-pathologie,26
Faculté de médecine,Anesthésiologie,16
Faculté de médecine,Anthropologie,4
Faculté de médecine,Audiologie,15
Faculté de médecine,Bactériologie,6
Faculté de médecine,Bio-informatique,18
Faculté de médecine,Biochimie,59
Faculté de médecine,Biochimie médicale,15
Faculté de médecine,Biologie cellulaire,60
Faculté de médecine,Biologie et autres sciences connexes,16
Faculté de médecine,Biologie moléculaire,138
Faculté de médecine,Cardiologie,66
Faculté de médecine,Chimie,6
Faculté de médecine,Chirurgie cardiaque,5
Faculté de médecine,Chirurgie générale,57
Faculté de médecine,Chirurgie générale oncologique,4
Faculté de médecine,Chirurgie générale pédiatrique,3
Faculté de médecine,Chirurgie orthopédique,3
Faculté de médecine,Chirurgie plastique,8
Faculté de médecine,Chirurgie thoracique,1
Faculté de médecine,Communication,13
Faculté de médecine,Criminologie,6
Faculté de médecine,Dermatologie,2
Faculté de médecine,Didactique,2
Faculté de médecine,Diététique,10
Faculté de médecine,Droit,2
Faculté de médecine,Eau et environnement,1
Faculté de médecine,Endocrinologie,25
Faculté de médecine,Endocrinologie et métabolisme,16
Faculté de médecine,Endocrinologie gynécologique de la reproduction et de l’infertilité,1
Faculté de médecine,Environnement et développement durable,1
Faculté de médecine,Ergonomie,6
Faculté de médecine,Ergothérapie,12
Faculté de médecine,Ethnologie,1
Faculté de médecine,Gastroentérologie,12
Faculté de médecine,Génie biomédical,19
Faculté de médecine,Génie des matériaux et génie métallurgique,1
Faculté de médecine,Génie mécanique,1
Faculté de médecine,Génie physique,1
Faculté de médecine,Génomique,19
Faculté de médecine,Génétique,57
Faculté de médecine,Génétique médicale,15
Faculté de médecine,Gériatrie,30
Faculté de médecine,Gérontologie,4
Faculté de médecine,Gérontopsychiatrie,3
Faculté de médecine,Hématologie,25
Faculté de médecine,Hématologie et oncologie pédiatrique,4
Faculté de médecine,Hépatologie,3
Faculté de médecine,Immunologie,68
Faculté de médecine,Immunologie clinique et allergie,3
Faculté de médecine,Infectiologie,12
Faculté de médecine,Informatique,8
Faculté de médecine,Kinésiologie,28
Faculté de médecine,Linguistique,3
Faculté de médecine,Littérature,1
Faculté de médecine,Management,1
Faculté de médecine,Mathématiques appliquées,3
Faculté de médecine,Mesures et évaluation,4
Faculté de médecine,Microbiologie,29
Faculté de médecine,Microbiologie médicale,5
Faculté de médecine,Musicologie,1
Faculté de médecine,Musique,2
Faculté de médecine,Mycologie,1
Faculté de médecine,Médecine communautaire,6
Faculté de médecine,Médecine de famille,33
Faculté de médecine,Médecine de la douleur,3
Faculté de médecine,Médecine de soins intensifs ,13
Faculté de médecine,Médecine dentaire,5
Faculté de médecine,Médecine du travail,2
Faculté de médecine,Médecine d’urgence,14
Faculté de médecine,Médecine d’urgence pédiatrique,3
Faculté de médecine,Médecine générale,9
Faculté de médecine,Médecine interne,2
Faculté de médecine,Médecine interne générale,2
Faculté de médecine,Médecine maternelle et foetale,4
Faculté de médecine,Médecine moléculaire,19
Faculté de médecine,Médecine nucléaire,14
Faculté de médecine,Médecine néonatale et périnatale,9
Faculté de médecine,Médecine palliative,4
Faculté de médecine,Médecine physique et réadaptation,33
Faculté de médecine,Médecine préventive,18
Faculté de médecine,Médecine vétérinaire,3
Faculté de médecine,Neurochirurgie,2
Faculté de médecine,Neurologie,14
Faculté de médecine,Neuropathologie,4
Faculté de médecine,Neuroradiologie,6
Faculté de médecine,Neurosciences,115
Faculté de médecine,Nutrition,20
Faculté de médecine,Néphrologie,18
Faculté de médecine,Obstétrique et gynécologie,12
Faculté de médecine,Oncologie,69
Faculté de médecine,Oncologie gynécologique,1
Faculté de médecine,Oncologie médicale,5
Faculté de médecine,Ophtalmologie,76
Faculté de médecine,Optométrie,2
Faculté de médecine,Orthophonie,6
Faculté de médecine,Orthopédagogie,1
Faculté de médecine,Orthopédie,6
Faculté de médecine,Oto-rhino-laryngologie et chirurgie cervico-faciale,4
Faculté de médecine,Parasitologie,1
Faculté de médecine,Pathologie générale,31
Faculté de médecine,Pathologie hématologique,1
Faculté de médecine,Pathologie judiciaire,4
Faculté de médecine,Pharmacie,14
Faculté de médecine,Pharmacologie,60
Faculté de médecine,Philosophie,3
Faculté de médecine,Physiologie,46
Faculté de médecine,Physiothérapie,7
Faculté de médecine,Physique,8
Faculté de médecine,Physique médicale,3
Faculté de médecine,Pneumologie,4
Faculté de médecine,Psychiatrie,54
Faculté de médecine,Psychiatrie de l’enfant et de l’adolescent,8
Faculté de médecine,Psychologie,38
Faculté de médecine,Psychoéducation,2
Faculté de médecine,Pédiatrie,63
Faculté de médecine,Pédiatrie du développement,11
Faculté de médecine,Radio-oncologie,27
Faculté de médecine,Radiologie diagnostique,26
Faculté de médecine,Radiologie interventionnelle,5
Faculté de médecine,Rhumatologie,15
Faculté de médecine,Santé publique,28
Faculté de médecine,Science politique,1
Faculté de médecine,Sciences biomédicales,25
Faculté de médecine,Sciences cliniques,25
Faculté de médecine,Sciences des religions,1
Faculté de médecine,Service social et travail social,1
Faculté de médecine,Sociologie,7
Faculté de médecine,Statistiques,2
Faculté de médecine,Stomatologie,3
Faculté de médecine,Toxicologie,3
Faculté de médecine,Traumatologie,6
Faculté de médecine,Urologie,9
Faculté de médecine,Virologie,11
Faculté de médecine,Éducation,15
Faculté de médecine,Éducation physique,5
Faculté de médecine,Épidémiologie et biostatistique,47
Faculté de médecine dentaire,Administration de la santé,1
Faculté de médecine dentaire,Biochimie,1
Faculté de médecine dentaire,Biologie cellulaire,3
Faculté de médecine dentaire,Biologie moléculaire,3
Faculté de médecine dentaire,Dentisterie,3
Faculté de médecine dentaire,Dentisterie de restauration,7
Faculté de médecine dentaire,Dentisterie pédiatrique,4
Faculté de médecine dentaire,Génétique,1
Faculté de médecine dentaire,Gériatrie,1
Faculté de médecine dentaire,Gérontologie,1
Faculté de médecine dentaire,Microbiologie,1
Faculté de médecine dentaire,Microbiologie médicale,1
Faculté de médecine dentaire,Médecine de la douleur,2
Faculté de médecine dentaire,Médecine dentaire,37
Faculté de médecine dentaire,Médecine maternelle et foetale,1
Faculté de médecine dentaire,Médecine moléculaire,1
Faculté de médecine dentaire,Médecine physique et réadaptation,2
Faculté de médecine dentaire,Médecine préventive,1
Faculté de médecine dentaire,Neurosciences,6
Faculté de médecine dentaire,Pathologie générale,4
Faculté de médecine dentaire,Pharmacologie,2
Faculté de médecine dentaire,Physiologie,3
Faculté de médecine dentaire,Pneumologie,1
Faculté de médecine dentaire,Psychologie,1
Faculté de médecine dentaire,Pédiatrie,1
Faculté de médecine dentaire,Radiologie diagnostique,1
Faculté de médecine dentaire,Santé buccale,6
Faculté de médecine dentaire,Santé publique,4
Faculté de médecine dentaire,Stomatologie,11
Faculté de médecine dentaire,Traumatologie,2
Faculté de médecine dentaire,Éducation,3
Faculté de médecine dentaire,Épidémiologie et biostatistique,1
Faculté de médecine vétérinaire,Administration de la santé,1
Faculté de médecine vétérinaire,Agronomie,1
Faculté de médecine vétérinaire,Anatomo-pathologie,1
Faculté de médecine vétérinaire,Anesthésiologie,2
Faculté de médecine vétérinaire,Bactériologie,8
Faculté de médecine vétérinaire,Bio-informatique,2
Faculté de médecine vétérinaire,Biochimie,3
Faculté de médecine vétérinaire,Biologie cellulaire,5
Faculté de médecine vétérinaire,Biologie et autres sciences connexes,20
Faculté de médecine vétérinaire,Biologie moléculaire,17
Faculté de médecine vétérinaire,Cardiologie,1
Faculté de médecine vétérinaire,Chimie,2
Faculté de médecine vétérinaire,Chirurgie générale,3
Faculté de médecine vétérinaire,Chirurgie orthopédique,2
Faculté de médecine vétérinaire,Communication,1
Faculté de médecine vétérinaire,Dermatologie,2
Faculté de médecine vétérinaire,Eau et environnement,3
Faculté de médecine vétérinaire,Endocrinologie,5
Faculté de médecine vétérinaire,Endocrinologie gynécologique de la reproduction et de l’infertilité,7
Faculté de médecine vétérinaire,Environnement et développement durable,2
Faculté de médecine vétérinaire,Gastroentérologie,1
Faculté de médecine vétérinaire,Génie biomédical,1
Faculté de médecine vétérinaire,Génomique,5
Faculté de médecine vétérinaire,Génétique,5
Faculté de médecine vétérinaire,Génétique médicale,3
Faculté de médecine vétérinaire,Hématologie,1
Faculté de médecine vétérinaire,Immunologie,6
Faculté de médecine vétérinaire,Immunologie clinique et allergie,2
Faculté de médecine vétérinaire,Infectiologie,10
Faculté de médecine vétérinaire,Microbiologie,19
Faculté de médecine vétérinaire,Microbiologie médicale,1
Faculté de médecine vétérinaire,Médecine interne,1
Faculté de médecine vétérinaire,Médecine moléculaire,1
Faculté de médecine vétérinaire,Médecine néonatale et périnatale,1
Faculté de médecine vétérinaire,Médecine préventive,4
Faculté de médecine vétérinaire,Médecine vétérinaire,100
Faculté de médecine vétérinaire,Neurochirurgie,2
Faculté de médecine vétérinaire,Neurologie,2
Faculté de médecine vétérinaire,Neurosciences,2
Faculté de médecine vétérinaire,Nutrition,2
Faculté de médecine vétérinaire,Ophtalmologie,1
Faculté de médecine vétérinaire,Parasitologie,2
Faculté de médecine vétérinaire,Pathologie générale,12
Faculté de médecine vétérinaire,Pharmacie,1
Faculté de médecine vétérinaire,Pharmacologie,7
Faculté de médecine vétérinaire,Physiologie,7
Faculté de médecine vétérinaire,Radiologie diagnostique,1
Faculté de médecine vétérinaire,Rhumatologie,2
Faculté de médecine vétérinaire,Santé publique,12
Faculté de médecine vétérinaire,Sciences biomédicales,5
Faculté de médecine vétérinaire,Sciences cliniques,7
Faculté de médecine vétérinaire,Statistiques,1
Faculté de médecine vétérinaire,Toxicologie,2
Faculté de médecine vétérinaire,Urologie,1
Faculté de médecine vétérinaire,Virologie,2
Faculté de médecine vétérinaire,Économie,1
Faculté de médecine vétérinaire,Épidémiologie et biostatistique,20
Faculté de pharmacie,Administration de la santé,1
Faculté de pharmacie,Anthropologie,1
Faculté de pharmacie,Bio-informatique,1
Faculté de pharmacie,Biochimie,3
Faculté de pharmacie,Biochimie médicale,1
Faculté de pharmacie,Biologie cellulaire,3
Faculté de pharmacie,Biologie moléculaire,3
Faculté de pharmacie,Cardiologie,5
Faculté de pharmacie,Chimie,4
Faculté de pharmacie,Communication,1
Faculté de pharmacie,Endocrinologie et métabolisme,1
Faculté de pharmacie,Génie biomédical,2
Faculté de pharmacie,Génie chimique,1
Faculté de pharmacie,Génie des matériaux et génie métallurgique,1
Faculté de pharmacie,Génomique,2
Faculté de pharmacie,Gériatrie,2
Faculté de pharmacie,Histoire,1
Faculté de pharmacie,Hématologie,1
Faculté de pharmacie,Immunologie,3
Faculté de pharmacie,Infectiologie,2
Faculté de pharmacie,Mathématiques appliquées,1
Faculté de pharmacie,Médecine de soins intensifs ,1
Faculté de pharmacie,Médecine moléculaire,1
Faculté de pharmacie,Médecine néonatale et périnatale,1
Faculté de pharmacie,Médecine palliative,1
Faculté de pharmacie,Médecine vétérinaire,1
Faculté de pharmacie,Neurosciences,2
Faculté de pharmacie,Néphrologie,1
Faculté de pharmacie,Oncologie,4
Faculté de pharmacie,Oncologie médicale,1
Faculté de pharmacie,Pharmacie,24
Faculté de pharmacie,Pharmacologie,43
Faculté de pharmacie,Physiologie,1
Faculté de pharmacie,Psychiatrie,1
Faculté de pharmacie,Pédiatrie,2
Faculté de pharmacie,Santé publique,7
Faculté de pharmacie,Sciences biomédicales,4
Faculté de pharmacie,Sociologie,2
Faculté de pharmacie,Statistiques,1
Faculté de pharmacie,Virologie,1
Faculté de pharmacie,Éducation,1
Faculté de pharmacie,Épidémiologie et biostatistique,8
Faculté des arts et des sciences,Actuariat (gestion),1
Faculté des arts et des sciences,Actuariat (sciences mathématiques),5
Faculté des arts et des sciences,Administration des affaires,5
Faculté des arts et des sciences,Administration publique,8
Faculté des arts et des sciences,Agronomie,1
Faculté des arts et des sciences,Aménagement,5
Faculté des arts et des sciences,Anatomie,1
Faculté des arts et des sciences,Anesthésiologie,1
Faculté des arts et des sciences,Anthropologie,62
Faculté des arts et des sciences,Anthropologie biologique,5
Faculté des arts et des sciences,Architecture,8
Faculté des arts et des sciences,Architecture de paysage,2
Faculté des arts et des sciences,Archivistique et bibliothéconomie,19
Faculté des arts et des sciences,Archéologie,13
Faculté des arts et des sciences,Archéologie classique,2
Faculté des arts et des sciences,Arts visuels et médiatiques,36
Faculté des arts et des sciences,Astronomie et astrophysique,25
Faculté des arts et des sciences,Audiologie,1
Faculté des arts et des sciences,Bio-informatique,7
Faculté des arts et des sciences,Biochimie,13
Faculté des arts et des sciences,Biochimie médicale,2
Faculté des arts et des sciences,Biologie cellulaire,2
Faculté des arts et des sciences,Biologie et autres sciences connexes,54
Faculté des arts et des sciences,Biologie moléculaire,20
Faculté des arts et des sciences,Chimie,51
Faculté des arts et des sciences,Climatologie et météorologie,3
Faculté des arts et des sciences,Communication,55
Faculté des arts et des sciences,Criminologie,45
Faculté des arts et des sciences,Danse,1
Faculté des arts et des sciences,Droit,26
Faculté des arts et des sciences,Démographie,17
Faculté des arts et des sciences,Eau et environnement,30
Faculté des arts et des sciences,Endocrinologie,1
Faculté des arts et des sciences,Endocrinologie et métabolisme,1
Faculté des arts et des sciences,Enseignement des arts,3
Faculté des arts et des sciences,Environnement et développement durable,19
Faculté des arts et des sciences,Ethnolinguistique,3
Faculté des arts et des sciences,Ethnologie,16
Faculté des arts et des sciences,Finance,11
Faculté des arts et des sciences,Foresterie et sciences du bois,5
Faculté des arts et des sciences,Génie biochimique,3
Faculté des arts et des sciences,Génie biomédical,4
Faculté des arts et des sciences,Génie chimique,6
Faculté des arts et des sciences,Génie des matériaux et génie métallurgique,17
Faculté des arts et des sciences,Génie industriel,1
Faculté des arts et des sciences,Génie informatique et génie logiciel,21
Faculté des arts et des sciences,Génie mécanique,2
Faculté des arts et des sciences,Génie nucléaire,4
Faculté des arts et des sciences,Génie physique,19
Faculté des arts et des sciences,Génie électrique et génie électronique,2
Faculté des arts et des sciences,Génomique,9
Faculté des arts et des sciences,Génétique,12
Faculté des arts et des sciences,Géographie humaine,18
Faculté des arts et des sciences,Gériatrie,5
Faculté des arts et des sciences,Gérontologie,4
Faculté des arts et des sciences,Histoire,97
Faculté des arts et des sciences,Histoire des arts,34
Faculté des arts et des sciences,Immunologie,1
Faculté des arts et des sciences,Informatique,100
Faculté des arts et des sciences,Informatique de gestion,9
Faculté des arts et des sciences,Journalisme,8
Faculté des arts et des sciences,Linguistique,40
Faculté des arts et des sciences,Littérature,72
Faculté des arts et des sciences,Management,9
Faculté des arts et des sciences,Marketing,1
Faculté des arts et des sciences,Mathématiques appliquées,36
Faculté des arts et des sciences,Mathématiques fondamentales,39
Faculté des arts et des sciences,Mesures et évaluation,1
Faculté des arts et des sciences,Microbiologie,2
Faculté des arts et des sciences,Musicologie,2
Faculté des arts et des sciences,Musique,17
Faculté des arts et des sciences,Muséologie,6
Faculté des arts et des sciences,Médecine communautaire,1
Faculté des arts et des sciences,Médecine de la douleur,1
Faculté des arts et des sciences,Médecine générale,1
Faculté des arts et des sciences,Médecine moléculaire,1
Faculté des arts et des sciences,Médecine nucléaire,1
Faculté des arts et des sciences,Médecine palliative,1
Faculté des arts et des sciences,Médecine physique et réadaptation,7
Faculté des arts et des sciences,Médecine préventive,2
Faculté des arts et des sciences,Neurologie,3
Faculté des arts et des sciences,Neuropathologie,1
Faculté des arts et des sciences,Neurosciences,54
Faculté des arts et des sciences,Nutrition,1
Faculté des arts et des sciences,Oncologie,1
Faculté des arts et des sciences,Oncologie médicale,1
Faculté des arts et des sciences,Orthopédagogie,1
Faculté des arts et des sciences,Pharmacie,4
Faculté des arts et des sciences,Pharmacologie,6
Faculté des arts et des sciences,Philosophie,48
Faculté des arts et des sciences,Physiologie,7
Faculté des arts et des sciences,Physique,65
Faculté des arts et des sciences,Physique médicale,6
Faculté des arts et des sciences,Psychiatrie,12
Faculté des arts et des sciences,Psychiatrie de l’enfant et de l’adolescent,5
Faculté des arts et des sciences,Psychiatrie légale,1
Faculté des arts et des sciences,Psychologie,123
Faculté des arts et des sciences,Psychoéducation,28
Faculté des arts et des sciences,Pédiatrie,6
Faculté des arts et des sciences,Radio-oncologie,3
Faculté des arts et des sciences,Relations industrielles,32
Faculté des arts et des sciences,Santé publique,36
Faculté des arts et des sciences,Science politique,95
Faculté des arts et des sciences,Sciences biomédicales,7
Faculté des arts et des sciences,Sciences cliniques,3
Faculté des arts et des sciences,"Sciences de la terre (géologie, géographie physique, etc.)",19
Faculté des arts et des sciences,Sciences des religions,24
Faculté des arts et des sciences,Sciences infirmières,1
Faculté des arts et des sciences,Service social et travail social,33
Faculté des arts et des sciences,Sociologie,142
Faculté des arts et des sciences,Sociologie de l’art,13
Faculté des arts et des sciences,Statistiques,33
Faculté des arts et des sciences,Sémiologie,6
Faculté des arts et des sciences,Théologie,6
Faculté des arts et des sciences,Thérapie par l’art,1
Faculté des arts et des sciences,Théâtre,15
Faculté des arts et des sciences,Toxicologie,1
Faculté des arts et des sciences,Traductologie,18
Faculté des arts et des sciences,Urbanisme,7
Faculté des arts et des sciences,Virologie,1
Faculté des arts et des sciences,Économie,58
Faculté des arts et des sciences,Éducation,14
Faculté des arts et des sciences,Épidémiologie et biostatistique,8
Faculté des arts et des sciences,Études anciennes et études classiques,8
Faculté des arts et des sciences,Études des langues,36
Faculté des arts et des sciences,Études du jeu vidéo,3
Faculté des arts et des sciences,Études féministes,28
Faculté des arts et des sciences,Études littéraires,68
Faculté des arts et des sciences,Études urbaines,7
Faculté des sciences de l'éducation,Administration de la santé,1
Faculté des sciences de l'éducation,Administration publique,1
Faculté des sciences de l'éducation,Administration scolaire,11
Faculté des sciences de l'éducation,Andragogie,13
Faculté des sciences de l'éducation,Anthropologie,1
Faculté des sciences de l'éducation,Arts visuels et médiatiques,2
Faculté des sciences de l'éducation,Chimie,1
Faculté des sciences de l'éducation,Communication,4
Faculté des sciences de l'éducation,Didactique,30
Faculté des sciences de l'éducation,Droit,1
Faculté des sciences de l'éducation,Endocrinologie gynécologique de la reproduction et de l’infertilité,1
Faculté des sciences de l'éducation,Enseignement des arts,3
Faculté des sciences de l'éducation,Ethnologie,2
Faculté des sciences de l'éducation,Génie informatique et génie logiciel,1
Faculté des sciences de l'éducation,Histoire,4
Faculté des sciences de l'éducation,Histoire des arts,1
Faculté des sciences de l'éducation,Informatique,2
Faculté des sciences de l'éducation,Linguistique,8
Faculté des sciences de l'éducation,Littérature,2
Faculté des sciences de l'éducation,Management,1
Faculté des sciences de l'éducation,Mathématiques appliquées,3
Faculté des sciences de l'éducation,Mathématiques fondamentales,1
Faculté des sciences de l'éducation,Mesures et évaluation,3
Faculté des sciences de l'éducation,Muséologie,3
Faculté des sciences de l'éducation,"Orientation, information scolaire et professionnelle",2
Faculté des sciences de l'éducation,Orthopédagogie,4
Faculté des sciences de l'éducation,Philosophie,3
Faculté des sciences de l'éducation,Physiologie,2
Faculté des sciences de l'éducation,Physique,1
Faculté des sciences de l'éducation,Psychologie,6
Faculté des sciences de l'éducation,Psychopédagogie,23
Faculté des sciences de l'éducation,Psychoéducation,3
Faculté des sciences de l'éducation,Pédiatrie,1
Faculté des sciences de l'éducation,Santé publique,2
Faculté des sciences de l'éducation,Science politique,3
Faculté des sciences de l'éducation,Sciences des religions,1
Faculté des sciences de l'éducation,Sociologie,17
Faculté des sciences de l'éducation,Sociologie de l’art,2
Faculté des sciences de l'éducation,Statistiques,2
Faculté des sciences de l'éducation,Économie,1
Faculté des sciences de l'éducation,Éducation,43
Faculté des sciences de l'éducation,Éducation comparée,6
Faculté des sciences de l'éducation,Éducation physique,1
Faculté des sciences de l'éducation,Études des langues,3
Faculté des sciences infirmières,Administration de la santé,5
Faculté des sciences infirmières,Andragogie,1
Faculté des sciences infirmières,Anthropologie,1
Faculté des sciences infirmières,Chirurgie cardiaque,1
Faculté des sciences infirmières,Communication,2
Faculté des sciences infirmières,Gériatrie,3
Faculté des sciences infirmières,Gérontologie,4
Faculté des sciences infirmières,Médecine communautaire,1
Faculté des sciences infirmières,Médecine de la douleur,1
Faculté des sciences infirmières,Médecine de soins intensifs ,1
Faculté des sciences infirmières,Médecine du travail,1
Faculté des sciences infirmières,Médecine d’urgence pédiatrique,1
Faculté des sciences infirmières,Médecine néonatale et périnatale,1
Faculté des sciences infirmières,Médecine palliative,2
Faculté des sciences infirmières,Médecine préventive,1
Faculté des sciences infirmières,Néphrologie,1
Faculté des sciences infirmières,Oncologie,2
Faculté des sciences infirmières,Psychiatrie,5
Faculté des sciences infirmières,Psychiatrie de l’enfant et de l’adolescent,2
Faculté des sciences infirmières,Psychiatrie légale,1
Faculté des sciences infirmières,Psychologie,2
Faculté des sciences infirmières,Pédiatrie,3
Faculté des sciences infirmières,Santé publique,17
Faculté des sciences infirmières,Science politique,1
Faculté des sciences infirmières,Sciences biomédicales,1
Faculté des sciences infirmières,Sciences infirmières,66
Faculté des sciences infirmières,Service social et travail social,4
Faculté des sciences infirmières,Sociologie,4
Faculté des sciences infirmières,Traumatologie,1
Faculté des sciences infirmières,Éducation,13
Faculté des sciences infirmières,Épidémiologie et biostatistique,2
Faculté des sciences infirmières,Études féministes,1
Faculté des études supérieures et postdoctorales,Neurosciences,1
Faculté des études supérieures et postdoctorales,Pharmacologie,1
École d'optométrie,Biologie cellulaire,1
École d'optométrie,Biologie et autres sciences connexes,2
École d'optométrie,Chirurgie générale,1
École d'optométrie,Communication,1
École d'optométrie,Génie biomédical,3
École d'optométrie,Génie informatique et génie logiciel,1
École d'optométrie,Gériatrie,4
École d'optométrie,Informatique,1
École d'optométrie,Kinésiologie,1
École d'optométrie,Médecine physique et réadaptation,4
École d'optométrie,Neurologie,2
École d'optométrie,Neurosciences,11
École d'optométrie,Ophtalmologie,9
École d'optométrie,Optométrie,31
École d'optométrie,Pathologie générale,2
École d'optométrie,Pharmacologie,4
École d'optométrie,Physiologie,6
École d'optométrie,Physique,1
École d'optométrie,Psychologie,4
École d'optométrie,Pédiatrie,1
École d'optométrie,Santé publique,1
École d'optométrie,Sciences biomédicales,1
École d'optométrie,Éducation,1
École de santé publique,Administration de la santé,19
École de santé publique,Administration des affaires,1
École de santé publique,Anthropologie,3
École de santé publique,Bio-informatique,1
École de santé publique,Biologie et autres sciences connexes,2
École de santé publique,Cardiologie,3
École de santé publique,Communication,2
École de santé publique,Diététique,1
École de santé publique,Droit,1
École de santé publique,Démographie,2
École de santé publique,Eau et environnement,9
École de santé publique,Endocrinologie et métabolisme,1
École de santé publique,Endocrinologie gynécologique de la reproduction et de l’infertilité,1
École de santé publique,Environnement et développement durable,1
École de santé publique,Ergonomie,1
École de santé publique,Génie chimique,1
École de santé publique,Génie mécanique,1
École de santé publique,Génomique,1
École de santé publique,Génétique,3
École de santé publique,Génétique médicale,2
École de santé publique,Géographie humaine,2
École de santé publique,Gériatrie,4
École de santé publique,Immunologie,3
École de santé publique,Infectiologie,7
École de santé publique,Informatique,3
École de santé publique,Informatique de gestion,1
École de santé publique,Kinésiologie,1
École de santé publique,Linguistique,1
École de santé publique,Littérature,1
École de santé publique,Management,2
École de santé publique,Marketing,1
École de santé publique,Mathématiques appliquées,1
École de santé publique,Mesures et évaluation,4
École de santé publique,Médecine communautaire,8
École de santé publique,Médecine de famille,3
École de santé publique,Médecine de soins intensifs ,1
École de santé publique,Médecine du travail,3
École de santé publique,Médecine d’urgence pédiatrique,1
École de santé publique,Médecine maternelle et foetale,1
École de santé publique,Médecine nucléaire,1
École de santé publique,Médecine néonatale et périnatale,1
École de santé publique,Médecine physique et réadaptation,2
École de santé publique,Médecine préventive,78
École de santé publique,Médecine vétérinaire,1
École de santé publique,Neurologie,1
École de santé publique,Neurosciences,2
École de santé publique,Nutrition,3
École de santé publique,Néphrologie,3
École de santé publique,Obstétrique et gynécologie,3
École de santé publique,Oncologie,6
École de santé publique,Ophtalmologie,1
École de santé publique,Optométrie,1
École de santé publique,Parasitologie,1
École de santé publique,Pathologie générale,1
École de santé publique,Pharmacie,1
École de santé publique,Pharmacologie,6
École de santé publique,Philosophie,4
École de santé publique,Physiothérapie,1
École de santé publique,Psychiatrie,2
École de santé publique,Psychologie,4
École de santé publique,Pédiatrie,4
École de santé publique,Radio-oncologie,1
École de santé publique,Radiologie diagnostique,1
École de santé publique,Rhumatologie,1
École de santé publique,Santé publique,75
École de santé publique,Science politique,6
École de santé publique,Sciences biomédicales,7
École de santé publique,Sciences cliniques,4
École de santé publique,Sciences infirmières,3
École de santé publique,Service social et travail social,3
École de santé publique,Sociologie,9
École de santé publique,Statistiques,8
École de santé publique,Toxicologie,6
École de santé publique,Économie,5
École de santé publique,Éducation,1
École de santé publique,Épidémiologie et biostatistique,51
École de santé publique,Études urbaines,1
